Activity,Timestamp,Value
Clean Cycle Complete,7/31 5:02PM,-
Cycle Interrupted,7/31 5:00PM,-
Clean Cycle Complete,7/31 4:54PM,-
Clean Cycle In Progress,7/31 4:52PM,-
Pet Weight Recorded ,7/31 4:36PM,14.9 lbs
Pet Weight Recorded ,7/31 4:23PM,15.1 lbs
Pet Weight Recorded ,7/31 4:22PM,20.1 lbs
Pet Weight Recorded ,7/31 4:21PM,12.8 lbs
Cat Detected,7/31 4:14PM,-
Clean Cycle Complete,7/31 1:15PM,-
Pet Weight Recorded ,7/31 1:14PM,8.9 lbs
Cycle Interrupted,7/31 1:14PM,-
Pet Weight Recorded ,7/31 1:13PM,10.0 lbs
Cycle Interrupted,7/31 1:12PM,-
Clean Cycle In Progress,7/31 1:11PM,-
Cat Detected,7/31 12:56PM,-
Clean Cycle Complete,7/31 12:55PM,-
Clean Cycle In Progress,7/31 12:53PM,-
Pet Weight Recorded ,7/31 12:38PM,14.8 lbs
Cat Detected,7/31 12:37PM,-
Clean Cycle Complete,7/31 9:45AM,-
Pet Weight Recorded ,7/31 9:43AM,7.4 lbs
Cycle Interrupted,7/31 9:43AM,-
Clean Cycle In Progress,7/31 9:42AM,-
Pet Weight Recorded ,7/31 9:23AM,19.8 lbs
Pet Weight Recorded ,7/31 9:22AM,20.0 lbs
Cat Detected,7/31 9:21AM,-
Clean Cycle Complete,7/31 7:31AM,-
Clean Cycle In Progress,7/31 7:29AM,-
Pet Weight Recorded ,7/31 7:14AM,9.4 lbs
Cat Detected,7/31 7:12AM,-
Clean Cycle Complete,7/31 6:22AM,-
Clean Cycle In Progress,7/31 6:19AM,-
Pet Weight Recorded ,7/31 6:04AM,15.0 lbs
Cat Detected,7/31 6:03AM,-
Clean Cycle Complete,7/31 1:57AM,-
Clean Cycle In Progress,7/31 1:55AM,-
Pet Weight Recorded ,7/31 1:40AM,9.5 lbs
Cat Detected,7/31 1:37AM,-
Clean Cycle Complete,7/31 1:14AM,-
Clean Cycle In Progress,7/31 1:12AM,-
Pet Weight Recorded ,7/31 12:57AM,15.1 lbs
Pet Weight Recorded ,7/31 12:55AM,20.1 lbs
Pet Weight Recorded ,7/31 12:43AM,15.1 lbs
Pet Weight Recorded ,7/31 12:36AM,20.1 lbs
Pet Weight Recorded ,7/31 12:33AM,20.1 lbs
Cat Detected,7/31 12:32AM,-
Clean Cycle Complete,7/30 10:24PM,-
Clean Cycle In Progress,7/30 10:22PM,-
Pet Weight Recorded ,7/30 10:07PM,14.8 lbs
Cat Detected,7/30 10:07PM,-
Clean Cycle Complete,7/30 3:28PM,-
Clean Cycle In Progress,7/30 3:26PM,-
Pet Weight Recorded ,7/30 3:11PM,9.5 lbs
Cat Detected,7/30 3:08PM,-
Clean Cycle Complete,7/30 1:30PM,-
Cycle Interrupted,7/30 1:28PM,-
Cycle Interrupted,7/30 1:27PM,-
Clean Cycle In Progress,7/30 1:26PM,-
Pet Weight Recorded ,7/30 1:11PM,14.8 lbs
Cat Detected,7/30 1:09PM,-
Clean Cycle Complete,7/30 10:23AM,-
Clean Cycle In Progress,7/30 10:21AM,-
Pet Weight Recorded ,7/30 10:06AM,20.1 lbs
Pet Weight Recorded ,7/30 10:05AM,20.1 lbs
Pet Weight Recorded ,7/30 10:00AM,20.1 lbs
Pet Weight Recorded ,7/30 9:50AM,20.0 lbs
Pet Weight Recorded ,7/30 9:40AM,15.1 lbs
Pet Weight Recorded ,7/30 9:38AM,20.0 lbs
Pet Weight Recorded ,7/30 9:27AM,9.5 lbs
Cat Detected,7/30 9:27AM,-
Clean Cycle Complete,7/30 5:08AM,-
Cycle Interrupted,7/30 5:05AM,-
Clean Cycle In Progress,7/30 5:05AM,-
Pet Weight Recorded ,7/30 4:49AM,20.3 lbs
Pet Weight Recorded ,7/30 4:48AM,20.1 lbs
Cat Detected,7/30 4:47AM,-
Clean Cycle Complete,7/30 12:42AM,-
Cycle Interrupted,7/30 12:41AM,-
Clean Cycle In Progress,7/30 12:39AM,-
Pet Weight Recorded ,7/30 12:24AM,15.1 lbs
Cat Detected,7/30 12:21AM,-
Clean Cycle Complete,7/29 11:47PM,-
Pet Weight Recorded ,7/29 11:46PM,15.2 lbs
Cycle Interrupted,7/29 11:46PM,-
Clean Cycle In Progress,7/29 11:44PM,-
Pet Weight Recorded ,7/29 11:26PM,9.4 lbs
Cat Detected,7/29 11:23PM,-
Clean Cycle Complete,7/29 8:25PM,-
Clean Cycle In Progress,7/29 8:23PM,-
Pet Weight Recorded ,7/29 8:05PM,8.0 lbs
Clean Cycle Complete,7/29 7:32PM,-
Clean Cycle In Progress,7/29 7:30PM,-
Pet Weight Recorded ,7/29 7:15PM,15.0 lbs
Cat Detected,7/29 7:14PM,-
Clean Cycle Complete,7/29 5:06PM,-
Clean Cycle In Progress,7/29 5:03PM,-
Pet Weight Recorded ,7/29 4:48PM,15.1 lbs
Pet Weight Recorded ,7/29 4:42PM,15.0 lbs
Pet Weight Recorded ,7/29 4:40PM,9.2 lbs
Cat Detected,7/29 4:39PM,-
Clean Cycle Complete,7/29 10:26AM,-
Clean Cycle In Progress,7/29 10:24AM,-
Pet Weight Recorded ,7/29 10:09AM,15.0 lbs
Cat Detected,7/29 10:07AM,-
Clean Cycle Complete,7/29 9:54AM,-
Cycle Interrupted,7/29 9:52AM,-
Clean Cycle In Progress,7/29 9:52AM,-
Pet Weight Recorded ,7/29 9:37AM,15.0 lbs
Pet Weight Recorded ,7/29 9:33AM,9.5 lbs
Cat Detected,7/29 9:30AM,-
Clean Cycle Complete,7/29 9:09AM,-
Cycle Interrupted,7/29 9:08AM,-
Pet Weight Recorded ,7/29 9:08AM,15.1 lbs
Cycle Interrupted,7/29 9:07AM,-
Clean Cycle In Progress,7/29 9:05AM,-
Pet Weight Recorded ,7/29 8:50AM,20.2 lbs
Cat Detected,7/29 8:49AM,-
Clean Cycle Complete,7/29 8:36AM,-
Pet Weight Recorded ,7/29 8:35AM,7.2 lbs
Cycle Interrupted,7/29 8:34AM,-
Pet Weight Recorded ,7/29 8:33AM,15.1 lbs
Cycle Interrupted,7/29 8:33AM,-
Clean Cycle In Progress,7/29 8:32AM,-
Pet Weight Recorded ,7/29 8:17AM,20.3 lbs
Pet Weight Recorded ,7/29 8:15AM,15.1 lbs
Cat Detected,7/29 8:13AM,-
Clean Cycle Complete,7/29 5:24AM,-
Clean Cycle In Progress,7/29 5:21AM,-
Pet Weight Recorded ,7/29 5:06AM,9.5 lbs
Cat Detected,7/29 5:05AM,-
Clean Cycle Complete,7/29 12:48AM,-
Clean Cycle In Progress,7/29 12:46AM,-
Pet Weight Recorded ,7/29 12:31AM,20.1 lbs
Cat Detected,7/29 12:30AM,-
Clean Cycle Complete,7/29 12:21AM,-
Pet Weight Recorded ,7/29 12:21AM,6.9 lbs
Cycle Interrupted,7/29 12:21AM,-
Clean Cycle In Progress,7/29 12:19AM,-
Pet Weight Recorded ,7/29 12:04AM,12.0 lbs
Pet Weight Recorded ,7/29 12:03AM,12.1 lbs
Pet Weight Recorded ,7/28 11:59PM,6.9 lbs
Pet Weight Recorded ,7/28 11:58PM,7.0 lbs
Cat Detected,7/28 11:54PM,-
Clean Cycle Complete,7/28 8:53PM,-
Clean Cycle In Progress,7/28 8:51PM,-
Pet Weight Recorded ,7/28 8:36PM,15.0 lbs
Cat Detected,7/28 8:34PM,-
Clean Cycle Complete,7/28 7:37PM,-
Clean Cycle In Progress,7/28 7:35PM,-
Pet Weight Recorded ,7/28 7:20PM,20.0 lbs
Pet Weight Recorded ,7/28 7:19PM,20.1 lbs
Cat Detected,7/28 7:19PM,-
Clean Cycle Complete,7/28 6:21PM,-
Clean Cycle In Progress,7/28 6:19PM,-
Cat Detected,7/28 6:04PM,-
Clean Cycle Complete,7/28 5:27PM,-
Clean Cycle In Progress,7/28 5:25PM,-
Pet Weight Recorded ,7/28 5:10PM,15.2 lbs
Pet Weight Recorded ,7/28 5:08PM,9.4 lbs
Cat Detected,7/28 5:06PM,-
Clean Cycle Complete,7/28 4:20PM,-
Clean Cycle In Progress,7/28 4:18PM,-
Pet Weight Recorded ,7/28 4:03PM,15.0 lbs
Cat Detected,7/28 4:02PM,-
Clean Cycle Complete,7/28 10:27AM,-
Cycle Interrupted,7/28 10:25AM,-
Pet Weight Recorded ,7/28 10:24AM,5.9 lbs
Cycle Interrupted,7/28 10:24AM,-
Pet Weight Recorded ,7/28 10:23AM,14.9 lbs
Cycle Interrupted,7/28 10:21AM,-
Clean Cycle In Progress,7/28 10:21AM,-
Pet Weight Recorded ,7/28 10:05AM,20.0 lbs
Cat Detected,7/28 10:05AM,-
Clean Cycle Complete,7/28 9:40AM,-
Cycle Interrupted,7/28 9:40AM,-
Clean Cycle In Progress,7/28 9:38AM,-
Pet Weight Recorded ,7/28 9:23AM,14.9 lbs
Pet Weight Recorded ,7/28 9:16AM,9.5 lbs
Cat Detected,7/28 9:16AM,-
Clean Cycle Complete,7/28 8:51AM,-
Clean Cycle In Progress,7/28 8:49AM,-
Pet Weight Recorded ,7/28 8:34AM,15.1 lbs
Cat Detected,7/28 8:32AM,-
Clean Cycle Complete,7/28 8:32AM,-
Pet Weight Recorded ,7/28 8:30AM,15.1 lbs
Cycle Interrupted,7/28 8:29AM,-
Clean Cycle In Progress,7/28 8:29AM,-
Pet Weight Recorded ,7/28 8:14AM,20.0 lbs
Pet Weight Recorded ,7/28 8:12AM,20.0 lbs
Cat Detected,7/28 8:11AM,-
Clean Cycle Complete,7/28 1:45AM,-
Clean Cycle In Progress,7/28 1:43AM,-
Pet Weight Recorded ,7/28 1:28AM,9.5 lbs
Cat Detected,7/28 1:27AM,-
Clean Cycle Complete,7/27 11:02PM,-
Clean Cycle In Progress,7/27 11:00PM,-
Clean Cycle Complete,7/27 10:54PM,-
Clean Cycle In Progress,7/27 10:51PM,-
Cat Detected,7/27 10:36PM,-
Clean Cycle Complete,7/27 10:36PM,-
Pet Weight Recorded ,7/27 10:35PM,15.1 lbs
Cycle Interrupted,7/27 10:35PM,-
Pet Weight Recorded ,7/27 10:34PM,7.3 lbs
Cycle Interrupted,7/27 10:33PM,-
Clean Cycle In Progress,7/27 10:32PM,-
Pet Weight Recorded ,7/27 10:17PM,15.0 lbs
Cat Detected,7/27 10:15PM,-
Clean Cycle Complete,7/27 9:47PM,-
Clean Cycle In Progress,7/27 9:45PM,-
Pet Weight Recorded ,7/27 9:25PM,20.1 lbs
Pet Weight Recorded ,7/27 9:24PM,19.9 lbs
Pet Weight Recorded ,7/27 9:23PM,20.0 lbs
Cat Detected,7/27 9:22PM,-
Clean Cycle Complete,7/27 5:45PM,-
Clean Cycle In Progress,7/27 5:43PM,-
Pet Weight Recorded ,7/27 5:27PM,15.0 lbs
Cat Detected,7/27 5:26PM,-
Cat Detected,7/27 4:18PM,-
Clean Cycle Complete,7/27 4:14PM,-
Clean Cycle In Progress,7/27 4:12PM,-
Pet Weight Recorded ,7/27 3:56PM,9.4 lbs
Cat Detected,7/27 3:54PM,-
Clean Cycle Complete,7/27 12:51PM,-
Clean Cycle In Progress,7/27 12:49PM,-
Pet Weight Recorded ,7/27 12:34PM,15.0 lbs
Cat Detected,7/27 12:32PM,-
Clean Cycle Complete,7/27 11:32AM,-
Clean Cycle In Progress,7/27 11:30AM,-
Pet Weight Recorded ,7/27 11:15AM,15.2 lbs
Pet Weight Recorded ,7/27 11:12AM,9.4 lbs
Cat Detected,7/27 11:10AM,-
Clean Cycle Complete,7/27 10:34AM,-
Clean Cycle In Progress,7/27 10:32AM,-
Pet Weight Recorded ,7/27 10:17AM,15.1 lbs
Pet Weight Recorded ,7/27 10:15AM,20.1 lbs
Pet Weight Recorded ,7/27 10:05AM,15.0 lbs
Cat Detected,7/27 10:04AM,-
Clean Cycle Complete,7/27 7:21AM,-
Clean Cycle In Progress,7/27 7:19AM,-
Pet Weight Recorded ,7/27 7:04AM,9.5 lbs
Cat Detected,7/27 7:03AM,-
Clean Cycle Complete,7/27 12:59AM,-
Pet Weight Recorded ,7/27 12:57AM,7.3 lbs
Cycle Interrupted,7/27 12:57AM,-
Clean Cycle In Progress,7/27 12:56AM,-
Pet Weight Recorded ,7/27 12:41AM,15.0 lbs
Cat Detected,7/27 12:40AM,-
Clean Cycle Complete,7/27 12:15AM,-
Clean Cycle In Progress,7/27 12:13AM,-
Pet Weight Recorded ,7/26 11:58PM,15.1 lbs
Cat Detected,7/26 11:55PM,-
Clean Cycle Complete,7/26 11:01PM,-
Clean Cycle In Progress,7/26 10:59PM,-
Pet Weight Recorded ,7/26 10:43PM,9.4 lbs
Cat Detected,7/26 10:40PM,-
Clean Cycle Complete,7/26 9:31PM,-
Cycle Interrupted,7/26 9:28PM,-
Clean Cycle In Progress,7/26 9:28PM,-
Pet Weight Recorded ,7/26 9:13PM,15.3 lbs
Pet Weight Recorded ,7/26 9:09PM,9.6 lbs
Cat Detected,7/26 9:07PM,-
Clean Cycle Complete,7/26 9:03PM,-
Clean Cycle In Progress,7/26 9:01PM,-
Pet Weight Recorded ,7/26 8:46PM,20.1 lbs
Pet Weight Recorded ,7/26 8:45PM,20.0 lbs
Pet Weight Recorded ,7/26 8:35PM,19.8 lbs
Cat Detected,7/26 8:34PM,-
Clean Cycle Complete,7/26 4:16PM,-
Clean Cycle In Progress,7/26 4:14PM,-
Pet Weight Recorded ,7/26 3:59PM,14.9 lbs
Cat Detected,7/26 3:58PM,-
Clean Cycle Complete,7/26 11:11AM,-
Clean Cycle In Progress,7/26 11:08AM,-
Pet Weight Recorded ,7/26 10:53AM,20.0 lbs
Pet Weight Recorded ,7/26 10:50AM,15.0 lbs
Cat Detected,7/26 10:49AM,-
Clean Cycle Complete,7/26 10:27AM,-
Clean Cycle In Progress,7/26 10:25AM,-
Pet Weight Recorded ,7/26 10:10AM,19.9 lbs
Pet Weight Recorded ,7/26 10:09AM,19.9 lbs
Cat Detected,7/26 9:57AM,-
Clean Cycle Complete,7/26 9:45AM,-
Pet Weight Recorded ,7/26 9:44AM,7.5 lbs
Cycle Interrupted,7/26 9:44AM,-
Clean Cycle In Progress,7/26 9:43AM,-
Pet Weight Recorded ,7/26 9:28AM,15.1 lbs
Pet Weight Recorded ,7/26 9:20AM,9.6 lbs
Cat Detected,7/26 9:17AM,-
Clean Cycle Complete,7/26 7:56AM,-
Clean Cycle In Progress,7/26 7:53AM,-
Pet Weight Recorded ,7/26 7:34AM,15.1 lbs
Pet Weight Recorded ,7/26 7:28AM,9.6 lbs
Cat Detected,7/26 7:27AM,-
Clean Cycle Complete,7/26 2:08AM,-
Clean Cycle In Progress,7/26 2:05AM,-
Pet Weight Recorded ,7/26 1:50AM,14.9 lbs
Cat Detected,7/26 1:47AM,-
Clean Cycle Complete,7/26 1:23AM,-
Pet Weight Recorded ,7/26 1:23AM,15.0 lbs
Cycle Interrupted,7/26 1:22AM,-
Cycle Interrupted,7/26 1:21AM,-
Clean Cycle In Progress,7/26 1:20AM,-
Pet Weight Recorded ,7/26 1:04AM,20.0 lbs
Pet Weight Recorded ,7/26 1:03AM,19.9 lbs
Pet Weight Recorded ,7/26 1:00AM,19.9 lbs
Cat Detected,7/26 12:59AM,-
Clean Cycle Complete,7/25 11:27PM,-
Pet Weight Recorded ,7/25 11:27PM,15.1 lbs
Cycle Interrupted,7/25 11:26PM,-
Cycle Interrupted,7/25 11:25PM,-
Cycle Interrupted,7/25 11:24PM,-
Clean Cycle In Progress,7/25 11:24PM,-
Pet Weight Recorded ,7/25 11:09PM,7.7 lbs
Pet Weight Recorded ,7/25 11:08PM,20.1 lbs
Pet Weight Recorded ,7/25 10:56PM,14.9 lbs
Pet Weight Recorded ,7/25 10:51PM,14.9 lbs
Cat Detected,7/25 10:50PM,-
Clean Cycle Complete,7/25 7:58PM,-
Clean Cycle In Progress,7/25 7:56PM,-
Cat Detected,7/25 7:41PM,-
Clean Cycle Complete,7/25 4:09PM,-
Clean Cycle In Progress,7/25 4:07PM,-
Pet Weight Recorded ,7/25 3:52PM,9.4 lbs
Cat Detected,7/25 3:51PM,-
Clean Cycle Complete,7/25 2:17PM,-
Clean Cycle In Progress,7/25 2:15PM,-
Cat Detected,7/25 2:00PM,-
Clean Cycle Complete,7/25 1:59PM,-
Cycle Interrupted,7/25 1:51PM,-
Clean Cycle In Progress,7/25 1:50PM,-
Pet Weight Recorded ,7/25 1:45PM,14.9 lbs
Cat Detected,7/25 1:43PM,-
Clean Cycle Complete,7/25 12:45PM,-
Cycle Interrupted,7/25 12:43PM,-
Clean Cycle In Progress,7/25 12:43PM,-
Cat Detected,7/25 12:28PM,-
Clean Cycle Complete,7/25 10:44AM,-
Clean Cycle In Progress,7/25 10:42AM,-
Pet Weight Recorded ,7/25 10:27AM,14.9 lbs
Pet Weight Recorded ,7/25 10:25AM,15.1 lbs
Pet Weight Recorded ,7/25 10:21AM,20.0 lbs
Pet Weight Recorded ,7/25 10:05AM,20.0 lbs
Pet Weight Recorded ,7/25 9:56AM,14.9 lbs
Cat Detected,7/25 9:54AM,-
Clean Cycle Complete,7/25 8:10AM,-
Clean Cycle In Progress,7/25 8:07AM,-
Pet Weight Recorded ,7/25 7:52AM,9.5 lbs
Cat Detected,7/25 7:51AM,-
Clean Cycle Complete,7/25 5:52AM,-
Pet Weight Recorded ,7/25 5:50AM,7.4 lbs
Cycle Interrupted,7/25 5:50AM,-
Clean Cycle In Progress,7/25 5:49AM,-
Pet Weight Recorded ,7/25 5:20AM,9.5 lbs
Cat Detected,7/25 5:19AM,-
Clean Cycle Complete,7/25 1:27AM,-
Pet Weight Recorded ,7/25 1:25AM,7.5 lbs
Cycle Interrupted,7/25 1:25AM,-
Cycle Interrupted,7/25 1:24AM,-
Cycle Interrupted,7/25 1:23AM,-
Clean Cycle In Progress,7/25 1:23AM,-
Pet Weight Recorded ,7/25 1:08AM,20.1 lbs
Pet Weight Recorded ,7/25 1:07AM,20.1 lbs
Pet Weight Recorded ,7/25 12:59AM,15.1 lbs
Pet Weight Recorded ,7/25 12:57AM,15.1 lbs
Pet Weight Recorded ,7/25 12:39AM,7.3 lbs
Cat Detected,7/25 12:38AM,-
Clean Cycle Complete,7/25 12:26AM,-
Clean Cycle In Progress,7/25 12:23AM,-
Pet Weight Recorded ,7/25 12:08AM,15.1 lbs
Cat Detected,7/25 12:07AM,-
Clean Cycle Complete,7/24 7:59PM,-
Clean Cycle In Progress,7/24 7:57PM,-
Pet Weight Recorded ,7/24 7:42PM,15.1 lbs
Pet Weight Recorded ,7/24 7:41PM,15.1 lbs
Pet Weight Recorded ,7/24 7:36PM,9.5 lbs
Cat Detected,7/24 7:36PM,-
Clean Cycle Complete,7/24 5:46PM,-
Clean Cycle In Progress,7/24 5:44PM,-
Cat Detected,7/24 5:29PM,-
Clean Cycle Complete,7/24 1:15PM,-
Pet Weight Recorded ,7/24 1:15PM,15.0 lbs
Cycle Interrupted,7/24 1:14PM,-
Clean Cycle In Progress,7/24 1:12PM,-
Pet Weight Recorded ,7/24 12:57PM,15.0 lbs
Pet Weight Recorded ,7/24 12:56PM,15.0 lbs
Pet Weight Recorded ,7/24 12:52PM,9.4 lbs
Cat Detected,7/24 12:52PM,-
Clean Cycle Complete,7/24 12:20PM,-
Clean Cycle In Progress,7/24 12:17PM,-
Pet Weight Recorded ,7/24 12:02PM,19.9 lbs
Pet Weight Recorded ,7/24 11:50AM,20.0 lbs
Cat Detected,7/24 11:49AM,-
Clean Cycle Complete,7/24 11:11AM,-
Clean Cycle In Progress,7/24 11:09AM,-
Pet Weight Recorded ,7/24 10:54AM,14.9 lbs
Cat Detected,7/24 10:53AM,-
Clean Cycle Complete,7/24 8:35AM,-
Clean Cycle In Progress,7/24 8:33AM,-
Pet Weight Recorded ,7/24 8:18AM,14.9 lbs
Cat Detected,7/24 8:15AM,-
Clean Cycle Complete,7/24 6:41AM,-
Clean Cycle In Progress,7/24 6:39AM,-
Pet Weight Recorded ,7/24 6:23AM,9.5 lbs
Cat Detected,7/24 6:20AM,-
Clean Cycle Complete,7/24 12:23AM,-
Clean Cycle In Progress,7/24 12:20AM,-
Pet Weight Recorded ,7/24 12:05AM,15.3 lbs
Pet Weight Recorded ,7/23 11:52PM,15.3 lbs
Pet Weight Recorded ,7/23 11:49PM,20.1 lbs
Pet Weight Recorded ,7/23 11:48PM,20.0 lbs
Pet Weight Recorded ,7/23 11:47PM,20.1 lbs
Pet Weight Recorded ,7/23 11:37PM,14.9 lbs
Cat Detected,7/23 11:36PM,-
Clean Cycle Complete,7/23 7:47PM,-
Clean Cycle In Progress,7/23 7:45PM,-
Pet Weight Recorded ,7/23 7:30PM,9.5 lbs
Cat Detected,7/23 7:29PM,-
Clean Cycle Complete,7/23 6:29PM,-
Clean Cycle In Progress,7/23 6:27PM,-
Cat Detected,7/23 6:12PM,-
Clean Cycle Complete,7/23 1:52PM,-
Clean Cycle In Progress,7/23 1:50PM,-
Pet Weight Recorded ,7/23 1:35PM,14.9 lbs
Cat Detected,7/23 1:29PM,-
Clean Cycle Complete,7/23 11:41AM,-
Clean Cycle In Progress,7/23 11:39AM,-
Cat Detected,7/23 11:24AM,-
Clean Cycle Complete,7/23 10:13AM,-
Clean Cycle In Progress,7/23 10:11AM,-
Pet Weight Recorded ,7/23 9:56AM,9.4 lbs
Cat Detected,7/23 9:55AM,-
Clean Cycle Complete,7/23 9:27AM,-
Cycle Interrupted,7/23 9:25AM,-
Clean Cycle In Progress,7/23 9:24AM,-
Pet Weight Recorded ,7/23 9:09AM,15.2 lbs
Pet Weight Recorded ,7/23 9:00AM,20.0 lbs
Pet Weight Recorded ,7/23 8:59AM,20.1 lbs
Cat Detected,7/23 8:58AM,-
Clean Cycle Complete,7/23 7:13AM,-
Clean Cycle In Progress,7/23 7:11AM,-
Pet Weight Recorded ,7/23 6:56AM,15.0 lbs
Cat Detected,7/23 6:54AM,-
Clean Cycle Complete,7/23 6:17AM,-
Clean Cycle In Progress,7/23 6:15AM,-
Cat Detected,7/23 6:00AM,-
Clean Cycle Complete,7/23 3:17AM,-
Clean Cycle In Progress,7/23 3:15AM,-
Pet Weight Recorded ,7/23 3:00AM,9.4 lbs
Clean Cycle Complete,7/23 1:24AM,-
Clean Cycle In Progress,7/23 1:22AM,-
Cat Detected,7/23 12:54AM,-
Clean Cycle Complete,7/22 11:14PM,-
Clean Cycle In Progress,7/22 11:12PM,-
Pet Weight Recorded ,7/22 10:56PM,15.0 lbs
Cat Detected,7/22 10:54PM,-
Clean Cycle Complete,7/22 10:06PM,-
Cycle Interrupted,7/22 10:03PM,-
Clean Cycle In Progress,7/22 10:03PM,-
Pet Weight Recorded ,7/22 9:47PM,9.6 lbs
Cat Detected,7/22 9:45PM,-
Cat Detected,7/22 7:30PM,-
Clean Cycle Complete,7/22 7:27PM,-
Pet Weight Recorded ,7/22 7:24PM,14.9 lbs
Cycle Interrupted,7/22 7:23PM,-
Pet Weight Recorded ,7/22 7:22PM,6.5 lbs
Cycle Interrupted,7/22 7:22PM,-
Clean Cycle In Progress,7/22 7:22PM,-
Pet Weight Recorded ,7/22 6:58PM,15.0 lbs
Cat Detected,7/22 6:57PM,-
Clean Cycle Complete,7/22 5:51PM,-
Cycle Interrupted,7/22 5:49PM,-
Clean Cycle In Progress,7/22 5:48PM,-
Cat Detected,7/22 5:33PM,-
Clean Cycle Complete,7/22 5:28PM,-
Pet Weight Recorded ,7/22 5:28PM,15.0 lbs
Cycle Interrupted,7/22 5:27PM,-
Pet Weight Recorded ,7/22 5:27PM,14.9 lbs
Cycle Interrupted,7/22 5:26PM,-
Clean Cycle In Progress,7/22 5:24PM,-
Cat Detected,7/22 5:09PM,-
Clean Cycle Complete,7/22 5:08PM,-
Cycle Interrupted,7/22 5:06PM,-
Cycle Interrupted,7/22 5:05PM,-
Cycle Interrupted,7/22 5:04PM,-
Clean Cycle In Progress,7/22 5:02PM,-
Cat Detected,7/22 5:02PM,-
Cat Detected,7/22 3:43PM,-
Clean Cycle Complete,7/22 3:43PM,-
Clean Cycle Complete,7/22 3:17PM,-
Pet Weight Recorded ,7/21 1:30PM,9.5 lbs
Pet Weight Recorded ,7/21 12:21PM,9.4 lbs
Clean Cycle In Progress,7/21 7:04AM,-
Pet Weight Recorded ,7/21 6:49AM,9.5 lbs
Cat Detected,7/21 6:48AM,-
Clean Cycle Complete,7/21 6:13AM,-
Clean Cycle In Progress,7/21 6:11AM,-
Cat Detected,7/21 5:56AM,-
Clean Cycle Complete,7/21 3:18AM,-
Clean Cycle In Progress,7/21 3:16AM,-
Pet Weight Recorded ,7/21 3:01AM,9.4 lbs
Cat Detected,7/21 3:00AM,-
Clean Cycle Complete,7/21 1:53AM,-
Clean Cycle In Progress,7/21 1:51AM,-
Pet Weight Recorded ,7/21 1:36AM,20.3 lbs
Pet Weight Recorded ,7/21 1:35AM,20.3 lbs
Cat Detected,7/21 1:33AM,-
Clean Cycle Complete,7/21 12:11AM,-
Cycle Interrupted,7/21 12:09AM,-
Cycle Interrupted,7/21 12:08AM,-
Pet Weight Recorded ,7/21 12:07AM,8.4 lbs
Cycle Interrupted,7/21 12:07AM,-
Clean Cycle In Progress,7/21 12:07AM,-
Pet Weight Recorded ,7/20 11:52PM,14.9 lbs
Cat Detected,7/20 11:51PM,-
Clean Cycle Complete,7/20 9:37PM,-
Clean Cycle In Progress,7/20 9:35PM,-
Pet Weight Recorded ,7/20 9:20PM,14.8 lbs
Cat Detected,7/20 9:18PM,-
Clean Cycle Complete,7/20 8:12PM,-
Pet Weight Recorded ,7/20 8:12PM,15.1 lbs
Cycle Interrupted,7/20 8:11PM,-
Clean Cycle In Progress,7/20 8:09PM,-
Cat Detected,7/20 7:41PM,-
Clean Cycle Complete,7/20 4:11PM,-
Clean Cycle In Progress,7/20 4:08PM,-
Pet Weight Recorded ,7/20 10:22AM,9.4 lbs
Cat Detected,7/20 10:22AM,-
Clean Cycle Complete,7/20 9:58AM,-
Clean Cycle In Progress,7/20 9:56AM,-
Pet Weight Recorded ,7/20 9:41AM,14.8 lbs
Pet Weight Recorded ,7/20 9:36AM,14.7 lbs
Cat Detected,7/20 9:33AM,-
Clean Cycle Complete,7/20 5:28AM,-
Clean Cycle In Progress,7/20 5:26AM,-
Pet Weight Recorded ,7/20 5:11AM,9.3 lbs
Cat Detected,7/20 5:09AM,-
Clean Cycle Complete,7/20 2:14AM,-
Clean Cycle In Progress,7/20 2:11AM,-
Pet Weight Recorded ,7/20 1:56AM,20.2 lbs
Pet Weight Recorded ,7/20 1:55AM,20.2 lbs
Cat Detected,7/20 1:54AM,-
Clean Cycle Complete,7/20 1:20AM,-
Cycle Interrupted,7/20 1:20AM,-
Clean Cycle In Progress,7/20 1:18AM,-
Pet Weight Recorded ,7/20 1:03AM,14.8 lbs
Cat Detected,7/20 1:02AM,-
Clean Cycle Complete,7/19 6:09PM,-
Cycle Interrupted,7/19 6:08PM,-
Clean Cycle In Progress,7/19 6:06PM,-
Pet Weight Recorded ,7/19 5:48PM,9.5 lbs
Cat Detected,7/19 5:47PM,-
Clean Cycle Complete,7/19 2:39PM,-
Clean Cycle In Progress,7/19 2:37PM,-
Cat Detected,7/19 2:22PM,-
Clean Cycle Complete,7/19 1:26PM,-
Clean Cycle In Progress,7/19 1:24PM,-
Pet Weight Recorded ,7/19 1:23PM,14.7 lbs
Cat Detected,7/19 1:22PM,-
Clean Cycle Complete,7/19 12:56PM,-
Clean Cycle In Progress,7/19 12:54PM,-
Pet Weight Recorded ,7/19 12:39PM,9.6 lbs
Pet Weight Recorded ,7/19 12:34PM,20.2 lbs
Cat Detected,7/19 12:33PM,-
Clean Cycle Complete,7/19 12:29PM,-
Clean Cycle In Progress,7/19 12:26PM,-
Pet Weight Recorded ,7/19 12:11PM,14.9 lbs
Cat Detected,7/19 12:10PM,-
Clean Cycle Complete,7/19 9:34AM,-
Clean Cycle In Progress,7/19 9:32AM,-
Pet Weight Recorded ,7/19 9:16AM,15.0 lbs
Pet Weight Recorded ,7/19 9:13AM,20.2 lbs
Cat Detected,7/19 9:12AM,-
Clean Cycle Complete,7/19 8:55AM,-
Cycle Interrupted,7/19 8:54AM,-
Cycle Interrupted,7/19 8:52AM,-
Cycle Interrupted,7/19 8:49AM,-
Pet Weight Recorded ,7/19 8:24AM,9.5 lbs
Pet Weight Recorded ,7/19 8:20AM,9.4 lbs
Pet Weight Recorded ,7/19 8:13AM,4.0 lbs
Pet Weight Recorded ,7/19 6:49AM,4.8 lbs
Pet Weight Recorded ,7/19 6:09AM,9.3 lbs
Pet Weight Recorded ,7/19 6:01AM,9.4 lbs
Pet Weight Recorded ,7/19 5:59AM,3.5 lbs
Cycle Interrupted,7/18 11:46PM,-
Clean Cycle In Progress,7/18 11:45PM,-
Pet Weight Recorded ,7/18 11:30PM,9.5 lbs
Cat Detected,7/18 11:29PM,-
Clean Cycle Complete,7/18 9:35PM,-
Clean Cycle In Progress,7/18 9:33PM,-
Cat Detected,7/18 9:18PM,-
Clean Cycle Complete,7/18 7:01PM,-
Clean Cycle In Progress,7/18 6:58PM,-
Pet Weight Recorded ,7/18 6:43PM,14.6 lbs
Cat Detected,7/18 6:42PM,-
Clean Cycle Complete,7/18 3:25PM,-
Cycle Interrupted,7/18 3:23PM,-
Clean Cycle In Progress,7/18 3:22PM,-
Pet Weight Recorded ,7/18 3:07PM,9.3 lbs
Cat Detected,7/18 3:07PM,-
Clean Cycle Complete,7/18 1:34PM,-
Cycle Interrupted,7/18 1:32PM,-
Clean Cycle In Progress,7/18 1:31PM,-
Pet Weight Recorded ,7/18 1:16PM,19.9 lbs
Pet Weight Recorded ,7/18 1:15PM,20.1 lbs
Cat Detected,7/18 1:14PM,-
Clean Cycle Complete,7/18 12:21PM,-
Clean Cycle In Progress,7/18 12:19PM,-
Pet Weight Recorded ,7/18 12:04PM,14.2 lbs
Cat Detected,7/18 12:02PM,-
Clean Cycle Complete,7/18 11:33AM,-
Clean Cycle In Progress,7/18 11:31AM,-
Pet Weight Recorded ,7/18 11:15AM,9.2 lbs
Cat Detected,7/18 11:13AM,-
Clean Cycle Complete,7/18 10:39AM,-
Clean Cycle In Progress,7/18 10:37AM,-
Pet Weight Recorded ,7/18 10:22AM,14.7 lbs
Pet Weight Recorded ,7/18 10:21AM,9.3 lbs
Cat Detected,7/18 10:20AM,-
Clean Cycle Complete,7/18 7:32AM,-
Clean Cycle In Progress,7/18 7:30AM,-
Pet Weight Recorded ,7/18 7:15AM,14.6 lbs
Cat Detected,7/18 7:13AM,-
Clean Cycle Complete,7/18 6:02AM,-
Clean Cycle In Progress,7/18 6:00AM,-
Pet Weight Recorded ,7/18 5:45AM,9.3 lbs
Cat Detected,7/18 5:44AM,-
Clean Cycle Complete,7/18 1:23AM,-
Cycle Interrupted,7/18 1:21AM,-
Clean Cycle In Progress,7/18 1:20AM,-
Pet Weight Recorded ,7/18 1:05AM,20.0 lbs
Pet Weight Recorded ,7/18 1:04AM,20.0 lbs
Cat Detected,7/18 1:04AM,-
Clean Cycle Complete,7/18 12:53AM,-
Clean Cycle In Progress,7/18 12:51AM,-
Pet Weight Recorded ,7/18 12:36AM,14.8 lbs
Cat Detected,7/18 12:34AM,-
Clean Cycle Complete,7/17 11:35PM,-
Clean Cycle In Progress,7/17 11:32PM,-
Pet Weight Recorded ,7/17 11:17PM,14.6 lbs
Pet Weight Recorded ,7/17 11:12PM,9.4 lbs
Cat Detected,7/17 11:11PM,-
Clean Cycle Complete,7/17 10:13PM,-
Cycle Interrupted,7/17 10:12PM,-
Clean Cycle In Progress,7/17 10:11PM,-
Pet Weight Recorded ,7/17 9:50PM,9.5 lbs
Cat Detected,7/17 9:44PM,-
Clean Cycle Complete,7/17 8:53PM,-
Clean Cycle In Progress,7/17 8:51PM,-
Pet Weight Recorded ,7/17 8:36PM,20.0 lbs
Pet Weight Recorded ,7/17 8:35PM,19.6 lbs
Pet Weight Recorded ,7/17 8:34PM,19.8 lbs
Cat Detected,7/17 8:33PM,-
Clean Cycle Complete,7/17 8:27PM,-
Cycle Interrupted,7/17 8:26PM,-
Clean Cycle In Progress,7/17 8:25PM,-
Pet Weight Recorded ,7/17 8:10PM,14.6 lbs
Cat Detected,7/17 8:04PM,-
Clean Cycle Complete,7/17 7:30PM,-
Clean Cycle In Progress,7/17 7:28PM,-
Pet Weight Recorded ,7/17 7:13PM,9.4 lbs
Cat Detected,7/17 7:12PM,-
Clean Cycle Complete,7/17 6:40PM,-
Clean Cycle In Progress,7/17 6:38PM,-
Pet Weight Recorded ,7/17 6:22PM,14.4 lbs
Cat Detected,7/17 6:22PM,-
Clean Cycle Complete,7/17 6:02PM,-
Clean Cycle In Progress,7/17 6:00PM,-
Pet Weight Recorded ,7/17 6:00PM,23.1 lbs
Cat Detected,7/17 1:09PM,-
Clean Cycle Complete,7/17 12:31PM,-
Clean Cycle In Progress,7/17 12:29PM,-
Pet Weight Recorded ,7/17 12:14PM,9.3 lbs
Cat Detected,7/17 12:13PM,-
Clean Cycle Complete,7/17 10:37AM,-
Cycle Interrupted,7/17 10:35AM,-
Clean Cycle In Progress,7/17 10:34AM,-
Pet Weight Recorded ,7/17 10:19AM,20.1 lbs
Pet Weight Recorded ,7/17 10:17AM,20.0 lbs
Pet Weight Recorded ,7/17 10:14AM,20.2 lbs
Pet Weight Recorded ,7/17 10:13AM,19.6 lbs
Pet Weight Recorded ,7/17 10:05AM,14.1 lbs
Cat Detected,7/17 10:05AM,-
Clean Cycle Complete,7/17 10:05AM,-
Pet Weight Recorded ,7/17 10:04AM,14.5 lbs
Cycle Interrupted,7/17 10:03AM,-
Clean Cycle In Progress,7/17 10:02AM,-
Pet Weight Recorded ,7/17 9:46AM,14.4 lbs
Cat Detected,7/17 9:44AM,-
Clean Cycle Complete,7/17 9:42AM,-
Clean Cycle In Progress,7/17 9:40AM,-
Pet Weight Recorded ,7/17 9:25AM,14.5 lbs
Pet Weight Recorded ,7/17 9:21AM,9.4 lbs
Cat Detected,7/17 9:21AM,-
Clean Cycle Complete,7/17 6:15AM,-
Clean Cycle In Progress,7/17 6:13AM,-
Pet Weight Recorded ,7/17 5:58AM,9.3 lbs
Cat Detected,7/17 5:57AM,-
Clean Cycle Complete,7/17 2:12AM,-
Cycle Interrupted,7/17 2:11AM,-
Cycle Interrupted,7/17 2:10AM,-
Cycle Interrupted,7/17 2:09AM,-
Clean Cycle In Progress,7/17 2:08AM,-
Pet Weight Recorded ,7/17 1:46AM,9.3 lbs
Cat Detected,7/17 1:43AM,-
Clean Cycle Complete,7/17 1:24AM,-
Clean Cycle In Progress,7/17 1:22AM,-
Pet Weight Recorded ,7/17 1:07AM,20.1 lbs
Cat Detected,7/17 1:06AM,-
Clean Cycle Complete,7/16 11:21PM,-
Clean Cycle In Progress,7/16 11:19PM,-
Pet Weight Recorded ,7/16 11:04PM,14.4 lbs
Cat Detected,7/16 11:03PM,-
Clean Cycle Complete,7/16 9:51PM,-
Clean Cycle In Progress,7/16 9:49PM,-
Pet Weight Recorded ,7/16 9:34PM,9.3 lbs
Cat Detected,7/16 9:33PM,-
Clean Cycle Complete,7/16 6:22PM,-
Clean Cycle In Progress,7/16 6:20PM,-
Pet Weight Recorded ,7/16 6:05PM,14.5 lbs
Cat Detected,7/16 6:02PM,-
Clean Cycle Complete,7/16 4:44PM,-
Clean Cycle In Progress,7/16 4:42PM,-
Pet Weight Recorded ,7/16 4:27PM,20.2 lbs
Pet Weight Recorded ,7/16 4:14PM,9.4 lbs
Cat Detected,7/16 4:14PM,-
Clean Cycle Complete,7/16 10:41AM,-
Clean Cycle In Progress,7/16 10:39AM,-
Pet Weight Recorded ,7/16 10:24AM,9.5 lbs
Pet Weight Recorded ,7/16 10:09AM,14.6 lbs
Pet Weight Recorded ,7/16 10:05AM,19.8 lbs
Cat Detected,7/16 10:04AM,-
Clean Cycle Complete,7/16 9:57AM,-
Clean Cycle In Progress,7/16 9:55AM,-
Pet Weight Recorded ,7/16 9:40AM,20.0 lbs
Cat Detected,7/16 9:39AM,-
Clean Cycle Complete,7/16 8:19AM,-
Clean Cycle In Progress,7/16 8:16AM,-
Pet Weight Recorded ,7/16 8:01AM,14.6 lbs
Cat Detected,7/16 8:00AM,-
Clean Cycle Complete,7/16 6:21AM,-
Clean Cycle In Progress,7/16 6:19AM,-
Pet Weight Recorded ,7/16 6:04AM,20.0 lbs
Pet Weight Recorded ,7/16 6:02AM,20.2 lbs
Pet Weight Recorded ,7/16 5:49AM,9.1 lbs
Clean Cycle Complete,7/16 2:25AM,-
Clean Cycle In Progress,7/16 2:23AM,-
Pet Weight Recorded ,7/16 2:08AM,9.2 lbs
Clean Cycle Complete,7/16 1:33AM,-
Cycle Interrupted,7/16 1:32AM,-
Clean Cycle In Progress,7/16 1:31AM,-
Pet Weight Recorded ,7/16 1:16AM,7.9 lbs
Cat Detected,7/16 1:15AM,-
Clean Cycle Complete,7/16 1:01AM,-
Clean Cycle In Progress,7/16 12:59AM,-
Pet Weight Recorded ,7/16 12:44AM,14.3 lbs
Cat Detected,7/16 12:42AM,-
Clean Cycle Complete,7/15 9:07PM,-
Clean Cycle In Progress,7/15 9:05PM,-
Pet Weight Recorded ,7/15 8:50PM,14.8 lbs
Pet Weight Recorded ,7/15 8:38PM,6.3 lbs
Pet Weight Recorded ,7/15 8:36PM,9.4 lbs
Cat Detected,7/15 8:33PM,-
Clean Cycle Complete,7/15 1:41PM,-
Clean Cycle In Progress,7/15 1:39PM,-
Pet Weight Recorded ,7/15 1:24PM,9.6 lbs
Pet Weight Recorded ,7/15 1:21PM,20.3 lbs
Pet Weight Recorded ,7/15 1:08PM,20.1 lbs
Pet Weight Recorded ,7/15 1:07PM,20.2 lbs
Cat Detected,7/15 1:07PM,-
Clean Cycle Complete,7/15 10:38AM,-
Cycle Interrupted,7/15 10:38AM,-
Clean Cycle In Progress,7/15 10:36AM,-
Pet Weight Recorded ,7/15 10:21AM,9.4 lbs
Cat Detected,7/15 10:19AM,-
Clean Cycle Complete,7/15 9:28AM,-
Cycle Interrupted,7/15 9:26AM,-
Clean Cycle In Progress,7/15 9:25AM,-
Pet Weight Recorded ,7/15 9:10AM,14.6 lbs
Pet Weight Recorded ,7/15 8:53AM,14.6 lbs
Clean Cycle Complete,7/15 7:12AM,-
Clean Cycle In Progress,7/15 7:09AM,-
Cat Detected,7/15 6:54AM,-
Clean Cycle Complete,7/15 6:11AM,-
Clean Cycle In Progress,7/15 6:09AM,-
Pet Weight Recorded ,7/15 5:54AM,20.2 lbs
Pet Weight Recorded ,7/15 5:53AM,20.2 lbs
Pet Weight Recorded ,7/15 5:52AM,20.2 lbs
Pet Weight Recorded ,7/15 5:48AM,9.2 lbs
Cat Detected,7/15 5:47AM,-
Clean Cycle Complete,7/15 2:38AM,-
Clean Cycle In Progress,7/15 2:36AM,-
Pet Weight Recorded ,7/15 2:21AM,9.3 lbs
Cat Detected,7/15 2:17AM,-
Clean Cycle Complete,7/14 11:30PM,-
Clean Cycle In Progress,7/14 11:28PM,-
Pet Weight Recorded ,7/14 11:13PM,9.3 lbs
Cat Detected,7/14 11:11PM,-
Clean Cycle Complete,7/14 7:32PM,-
Clean Cycle In Progress,7/14 7:30PM,-
Pet Weight Recorded ,7/14 7:15PM,9.3 lbs
Cat Detected,7/14 7:12PM,-
Clean Cycle Complete,7/14 6:33PM,-
Clean Cycle In Progress,7/14 6:31PM,-
Pet Weight Recorded ,7/14 6:16PM,5.4 lbs
Cat Detected,7/14 6:13PM,-
Clean Cycle Complete,7/14 6:12PM,-
Clean Cycle In Progress,7/14 6:10PM,-
Clean Cycle Complete,7/14 6:10PM,-
Clean Cycle In Progress,7/14 6:07PM,-
Cat Detected,7/14 5:45PM,-
Clean Cycle Complete,7/14 5:44PM,-
Clean Cycle In Progress,7/14 2:47PM,-
Pet Weight Recorded ,7/14 2:32PM,9.4 lbs
Cat Detected,7/14 2:29PM,-
Clean Cycle Complete,7/14 12:59PM,-
Cycle Interrupted,7/14 12:58PM,-
Clean Cycle In Progress,7/14 12:56PM,-
Pet Weight Recorded ,7/14 12:41PM,14.6 lbs
Cat Detected,7/14 12:40PM,-
Clean Cycle Complete,7/14 12:08PM,-
Cycle Interrupted,7/14 12:07PM,-
Clean Cycle In Progress,7/14 12:05PM,-
Pet Weight Recorded ,7/14 11:50AM,9.2 lbs
Cat Detected,7/14 11:49AM,-
Clean Cycle Complete,7/14 8:39AM,-
Clean Cycle In Progress,7/14 8:37AM,-
Cat Detected,7/14 8:19AM,-
Clean Cycle Complete,7/14 7:04AM,-
Clean Cycle In Progress,7/14 7:02AM,-
Pet Weight Recorded ,7/14 6:47AM,20.2 lbs
Pet Weight Recorded ,7/14 6:30AM,20.2 lbs
Cat Detected,7/14 6:28AM,-
Clean Cycle Complete,7/14 4:11AM,-
Clean Cycle In Progress,7/14 4:09AM,-
Pet Weight Recorded ,7/14 3:54AM,9.3 lbs
Cat Detected,7/14 3:53AM,-
Clean Cycle Complete,7/13 11:54PM,-
Clean Cycle In Progress,7/13 11:52PM,-
Pet Weight Recorded ,7/13 11:37PM,8.1 lbs
Cat Detected,7/13 11:36PM,-
Clean Cycle Complete,7/13 11:36PM,-
Clean Cycle In Progress,7/13 11:34PM,-
Pet Weight Recorded ,7/13 11:16PM,14.7 lbs
Pet Weight Recorded ,7/13 11:03PM,9.4 lbs
Cat Detected,7/13 11:00PM,-
Clean Cycle Complete,7/13 10:04PM,-
Cycle Interrupted,7/13 10:02PM,-
Clean Cycle In Progress,7/13 10:01PM,-
Pet Weight Recorded ,7/13 9:46PM,14.6 lbs
Cat Detected,7/13 9:40PM,-
Clean Cycle Complete,7/13 5:53PM,-
Clean Cycle In Progress,7/13 5:51PM,-
Cat Detected,7/13 5:36PM,-
Clean Cycle Complete,7/13 3:22PM,-
Clean Cycle In Progress,7/13 3:20PM,-
Pet Weight Recorded ,7/13 3:05PM,9.2 lbs
Cat Detected,7/13 3:01PM,-
Clean Cycle Complete,7/13 12:40PM,-
Clean Cycle In Progress,7/13 12:38PM,-
Pet Weight Recorded ,7/13 12:23PM,14.6 lbs
Pet Weight Recorded ,7/13 12:19PM,9.3 lbs
Cat Detected,7/13 12:16PM,-
Clean Cycle Complete,7/13 11:27AM,-
Clean Cycle In Progress,7/13 11:25AM,-
Pet Weight Recorded ,7/13 11:10AM,20.0 lbs
Cat Detected,7/13 11:08AM,-
Clean Cycle Complete,7/13 10:41AM,-
Pet Weight Recorded ,7/13 10:41AM,14.6 lbs
Cycle Interrupted,7/13 10:38AM,-
Clean Cycle In Progress,7/13 10:36AM,-
Pet Weight Recorded ,7/13 10:21AM,20.0 lbs
Pet Weight Recorded ,7/13 10:07AM,9.3 lbs
Clean Cycle Complete,7/13 9:45AM,-
Clean Cycle In Progress,7/13 9:43AM,-
Pet Weight Recorded ,7/13 9:27AM,20.2 lbs
Pet Weight Recorded ,7/13 9:25AM,14.7 lbs
Cat Detected,7/13 9:24AM,-
Clean Cycle Complete,7/13 8:33AM,-
Clean Cycle In Progress,7/13 8:31AM,-
Cat Detected,7/13 8:16AM,-
Clean Cycle Complete,7/13 4:00AM,-
Clean Cycle In Progress,7/13 3:58AM,-
Pet Weight Recorded ,7/13 3:43AM,9.3 lbs
Cat Detected,7/13 3:42AM,-
Clean Cycle Complete,7/13 1:32AM,-
Clean Cycle In Progress,7/13 1:30AM,-
Pet Weight Recorded ,7/13 1:15AM,20.2 lbs
Pet Weight Recorded ,7/13 1:03AM,14.8 lbs
Pet Weight Recorded ,7/13 12:49AM,20.2 lbs
Cat Detected,7/13 12:48AM,-
Clean Cycle Complete,7/12 10:55PM,-
Pet Weight Recorded ,7/12 10:53PM,14.7 lbs
Cycle Interrupted,7/12 10:52PM,-
Clean Cycle In Progress,7/12 10:52PM,-
Pet Weight Recorded ,7/12 10:35PM,9.4 lbs
Cat Detected,7/12 10:33PM,-
Clean Cycle Complete,7/12 6:35PM,-
Clean Cycle In Progress,7/12 6:33PM,-
Pet Weight Recorded ,7/12 6:18PM,14.7 lbs
Pet Weight Recorded ,7/12 6:17PM,9.3 lbs
Cat Detected,7/12 6:14PM,-
Clean Cycle Complete,7/12 5:03PM,-
Clean Cycle In Progress,7/12 5:01PM,-
Pet Weight Recorded ,7/12 4:46PM,14.6 lbs
Cat Detected,7/12 4:45PM,-
Clean Cycle Complete,7/12 3:33PM,-
Clean Cycle In Progress,7/12 3:31PM,-
Cat Detected,7/12 3:16PM,-
Clean Cycle Complete,7/12 1:24PM,-
Clean Cycle In Progress,7/12 1:22PM,-
Pet Weight Recorded ,7/12 1:07PM,20.2 lbs
Pet Weight Recorded ,7/12 12:54PM,9.3 lbs
Cat Detected,7/12 12:39PM,-
Clean Cycle Complete,7/12 10:57AM,-
Clean Cycle In Progress,7/12 10:55AM,-
Pet Weight Recorded ,7/12 10:40AM,14.7 lbs
Cat Detected,7/12 10:38AM,-
Clean Cycle Complete,7/12 9:37AM,-
Clean Cycle In Progress,7/12 9:35AM,-
Pet Weight Recorded ,7/12 9:20AM,9.4 lbs
Cat Detected,7/12 9:19AM,-
Clean Cycle Complete,7/12 7:36AM,-
Pet Weight Recorded ,7/12 7:35AM,7.2 lbs
Cycle Interrupted,7/12 7:34AM,-
Clean Cycle In Progress,7/12 7:33AM,-
Pet Weight Recorded ,7/12 7:18AM,20.3 lbs
Pet Weight Recorded ,7/12 7:12AM,20.2 lbs
Pet Weight Recorded ,7/12 7:06AM,20.3 lbs
Pet Weight Recorded ,7/12 6:58AM,14.7 lbs
Cat Detected,7/12 6:46AM,-
Clean Cycle Complete,7/12 6:12AM,-
Clean Cycle In Progress,7/12 6:10AM,-
Pet Weight Recorded ,7/12 5:55AM,9.3 lbs
Cat Detected,7/12 5:54AM,-
Clean Cycle Complete,7/12 4:08AM,-
Clean Cycle In Progress,7/12 4:05AM,-
Pet Weight Recorded ,7/12 3:50AM,9.2 lbs
Cat Detected,7/12 3:50AM,-
Clean Cycle Complete,7/12 1:30AM,-
Cycle Interrupted,7/12 1:29AM,-
Clean Cycle In Progress,7/12 1:28AM,-
Pet Weight Recorded ,7/12 1:13AM,14.7 lbs
Pet Weight Recorded ,7/12 1:10AM,14.8 lbs
Pet Weight Recorded ,7/12 1:09AM,14.7 lbs
Cat Detected,7/12 1:07AM,-
Clean Cycle Complete,7/11 11:24PM,-
Cycle Interrupted,7/11 11:22PM,-
Clean Cycle In Progress,7/11 11:21PM,-
Pet Weight Recorded ,7/11 11:06PM,9.2 lbs
Cat Detected,7/11 11:04PM,-
Clean Cycle Complete,7/11 10:26PM,-
Pet Weight Recorded ,7/11 10:26PM,14.6 lbs
Cycle Interrupted,7/11 10:25PM,-
Clean Cycle In Progress,7/11 10:23PM,-
Pet Weight Recorded ,7/11 10:08PM,19.9 lbs
Cat Detected,7/11 10:07PM,-
Clean Cycle Complete,7/11 9:20PM,-
Clean Cycle In Progress,7/11 9:17PM,-
Pet Weight Recorded ,7/11 8:47PM,9.3 lbs
Cat Detected,7/11 8:45PM,-
Clean Cycle Complete,7/11 7:45PM,-
Clean Cycle In Progress,7/11 7:43PM,-
Pet Weight Recorded ,7/11 7:23PM,9.3 lbs
Cat Detected,7/11 7:22PM,-
Clean Cycle Complete,7/11 4:07PM,-
Clean Cycle In Progress,7/11 4:05PM,-
Pet Weight Recorded ,7/11 1:19PM,20.1 lbs
Pet Weight Recorded ,7/11 1:13PM,9.3 lbs
Cat Detected,7/11 1:12PM,-
Clean Cycle Complete,7/11 12:59PM,-
Cycle Interrupted,7/11 12:52PM,-
Clean Cycle Complete,7/11 12:51PM,-
Cycle Interrupted,7/11 12:49PM,-
Cycle Interrupted,7/11 12:47PM,-
Clean Cycle In Progress,7/11 12:46PM,-
Clean Cycle Complete,7/11 12:43PM,-
Clean Cycle Complete,7/11 12:32PM,-
Cycle Interrupted,7/11 12:32PM,-
Clean Cycle In Progress,7/11 12:30PM,-
Pet Weight Recorded ,7/11 12:15PM,9.3 lbs
Cat Detected,7/11 12:13PM,-
Clean Cycle Complete,7/11 11:58AM,-
Clean Cycle In Progress,7/11 11:56AM,-
Pet Weight Recorded ,7/11 11:41AM,14.4 lbs
Pet Weight Recorded ,7/11 11:30AM,6.3 lbs
Cat Detected,7/11 11:29AM,-
Clean Cycle Complete,7/11 10:53AM,-
Cycle Interrupted,7/11 10:51AM,-
Pet Weight Recorded ,7/11 10:51AM,14.7 lbs
Cycle Interrupted,7/11 10:50AM,-
Clean Cycle In Progress,7/11 10:50AM,-
Pet Weight Recorded ,7/11 10:32AM,20.0 lbs
Pet Weight Recorded ,7/11 10:31AM,20.0 lbs
Pet Weight Recorded ,7/11 10:26AM,9.3 lbs
Cat Detected,7/11 10:25AM,-
Clean Cycle Complete,7/11 9:54AM,-
Pet Weight Recorded ,7/11 9:53AM,6.7 lbs
Cycle Interrupted,7/11 9:53AM,-
Clean Cycle In Progress,7/11 9:51AM,-
Pet Weight Recorded ,7/11 9:36AM,7.1 lbs
Cat Detected,7/11 9:36AM,-
Clean Cycle Complete,7/11 8:40AM,-
Clean Cycle In Progress,7/11 8:38AM,-
Cat Detected,7/11 8:23AM,-
Clean Cycle Complete,7/11 8:22AM,-
Clean Cycle In Progress,7/11 8:20AM,-
Cat Detected,7/11 7:54AM,-
Clean Cycle Complete,7/11 6:20AM,-
Pet Weight Recorded ,7/11 6:19AM,6.7 lbs
Cycle Interrupted,7/11 6:19AM,-
Clean Cycle In Progress,7/11 6:18AM,-
Pet Weight Recorded ,7/11 6:03AM,9.4 lbs
Cat Detected,7/11 5:57AM,-
Clean Cycle Complete,7/11 2:39AM,-
Clean Cycle In Progress,7/11 2:37AM,-
Pet Weight Recorded ,7/11 2:22AM,9.3 lbs
Cat Detected,7/11 2:21AM,-
Clean Cycle Complete,7/11 2:07AM,-
Clean Cycle In Progress,7/11 2:05AM,-
Pet Weight Recorded ,7/11 1:50AM,14.8 lbs
Cat Detected,7/11 1:47AM,-
Clean Cycle Complete,7/11 1:22AM,-
Clean Cycle In Progress,7/11 1:20AM,-
Pet Weight Recorded ,7/11 1:05AM,19.8 lbs
Cat Detected,7/11 1:03AM,-
Clean Cycle Complete,7/11 12:38AM,-
Cycle Interrupted,7/11 12:36AM,-
Clean Cycle In Progress,7/11 12:36AM,-
Pet Weight Recorded ,7/11 12:20AM,19.9 lbs
Pet Weight Recorded ,7/11 12:19AM,19.9 lbs
Cat Detected,7/11 12:18AM,-
Clean Cycle Complete,7/10 11:43PM,-
Clean Cycle In Progress,7/10 11:41PM,-
Pet Weight Recorded ,7/10 11:26PM,8.8 lbs
Cat Detected,7/10 11:25PM,-
Clean Cycle Complete,7/10 11:03PM,-
Pet Weight Recorded ,7/10 11:01PM,5.5 lbs
Cycle Interrupted,7/10 11:01PM,-
Clean Cycle In Progress,7/10 11:00PM,-
Pet Weight Recorded ,7/10 10:45PM,14.6 lbs
Cat Detected,7/10 10:44PM,-
Clean Cycle Complete,7/10 9:51PM,-
Cycle Interrupted,7/10 9:50PM,-
Clean Cycle In Progress,7/10 9:49PM,-
Pet Weight Recorded ,7/10 9:34PM,9.3 lbs
Cat Detected,7/10 9:31PM,-
Clean Cycle Complete,7/10 8:44PM,-
Clean Cycle In Progress,7/10 8:42PM,-
Pet Weight Recorded ,7/10 8:27PM,9.3 lbs
Cat Detected,7/10 8:25PM,-
Clean Cycle Complete,7/10 4:49PM,-
Cycle Interrupted,7/10 4:48PM,-
Pet Weight Recorded ,7/10 4:48PM,6.9 lbs
Clean Cycle In Progress,7/10 4:46PM,-
Pet Weight Recorded ,7/10 4:31PM,6.8 lbs
Pet Weight Recorded ,7/10 4:30PM,14.6 lbs
Cat Detected,7/10 4:29PM,-
Clean Cycle Complete,7/10 10:48AM,-
Clean Cycle In Progress,7/10 10:46AM,-
Pet Weight Recorded ,7/10 10:28AM,9.1 lbs
Cat Detected,7/10 10:11AM,-
Clean Cycle Complete,7/10 9:53AM,-
Cycle Interrupted,7/10 9:51AM,-
Clean Cycle In Progress,7/10 9:50AM,-
Cat Detected,7/10 9:30AM,-
Clean Cycle Complete,7/10 6:05AM,-
Clean Cycle In Progress,7/10 6:03AM,-
Pet Weight Recorded ,7/10 5:48AM,14.6 lbs
Pet Weight Recorded ,7/10 5:46AM,9.0 lbs
Cat Detected,7/10 5:46AM,-
Clean Cycle Complete,7/10 1:50AM,-
Clean Cycle In Progress,7/10 1:48AM,-
Pet Weight Recorded ,7/10 1:33AM,14.5 lbs
Cat Detected,7/10 1:32AM,-
Clean Cycle Complete,7/10 1:25AM,-
Cycle Interrupted,7/10 1:23AM,-
Clean Cycle In Progress,7/10 1:22AM,-
Pet Weight Recorded ,7/10 1:07AM,14.6 lbs
Cat Detected,7/10 12:51AM,-
Clean Cycle Complete,7/10 12:51AM,-
Cycle Interrupted,7/10 12:50AM,-
Pet Weight Recorded ,7/10 12:47AM,19.8 lbs
Pet Weight Recorded ,7/9 9:27PM,14.5 lbs
Pet Weight Recorded ,7/9 9:24PM,9.3 lbs
Pet Weight Recorded ,7/9 3:33PM,9.3 lbs
Pet Weight Recorded ,7/9 3:30PM,9.3 lbs
Pet Weight Recorded ,7/9 1:12PM,20.0 lbs
Pet Weight Recorded ,7/9 11:47AM,14.6 lbs
Pet Weight Recorded ,7/9 10:15AM,9.3 lbs
Clean Cycle Complete,7/9 10:07AM,-
Cycle Interrupted,7/9 10:05AM,-
Cycle Interrupted,7/9 10:04AM,-
Clean Cycle In Progress,7/9 10:04AM,-
Cat Detected,7/9 9:49AM,-
Clean Cycle Complete,7/9 7:59AM,-
Clean Cycle In Progress,7/9 7:57AM,-
Pet Weight Recorded ,7/9 7:42AM,14.6 lbs
Cat Detected,7/9 7:40AM,-
Clean Cycle Complete,7/9 6:05AM,-
Pet Weight Recorded ,7/9 6:04AM,14.7 lbs
Cycle Interrupted,7/9 6:04AM,-
Cycle Interrupted,7/9 6:02AM,-
Clean Cycle In Progress,7/9 6:02AM,-
Pet Weight Recorded ,7/9 5:43AM,9.2 lbs
Cat Detected,7/9 5:42AM,-
Clean Cycle Complete,7/8 11:36PM,-
Pet Weight Recorded ,7/8 11:30PM,20.2 lbs
Pet Weight Recorded ,7/8 11:28PM,20.2 lbs
Pet Weight Recorded ,7/8 11:17PM,14.8 lbs
Pet Weight Recorded ,7/8 11:02PM,14.8 lbs
Cat Detected,7/8 11:00PM,-
Clean Cycle Complete,7/8 10:45PM,-
Cycle Interrupted,7/8 10:42PM,-
Clean Cycle In Progress,7/8 10:42PM,-
Pet Weight Recorded ,7/8 10:17PM,9.2 lbs
Cat Detected,7/8 10:15PM,-
Clean Cycle Complete,7/8 10:09PM,-
Clean Cycle In Progress,7/8 10:07PM,-
Pet Weight Recorded ,7/8 9:41PM,9.2 lbs
Pet Weight Recorded ,7/8 9:26PM,9.3 lbs
Cat Detected,7/8 9:24PM,-
Clean Cycle Complete,7/8 9:23PM,-
Cycle Interrupted,7/8 9:22PM,-
Cycle Interrupted,7/8 9:20PM,-
Clean Cycle In Progress,7/8 9:20PM,-
Cat Detected,7/8 8:55PM,-
Clean Cycle Complete,7/8 8:31PM,-
Cycle Interrupted,7/8 8:30PM,-
Cycle Interrupted,7/8 8:29PM,-
Cycle Interrupted,7/8 8:28PM,-
Cycle Interrupted,7/8 8:27PM,-
Clean Cycle In Progress,7/8 8:27PM,-
Cat Detected,7/8 8:02PM,-
Clean Cycle Complete,7/8 7:38PM,-
Clean Cycle In Progress,7/8 7:36PM,-
Cat Detected,7/8 7:11PM,-
Clean Cycle Complete,7/8 5:21PM,-
Cycle Interrupted,7/8 5:20PM,-
Cycle Interrupted,7/8 5:18PM,-
Cycle Interrupted,7/8 5:17PM,-
Clean Cycle In Progress,7/8 5:17PM,-
Cat Detected,7/8 4:52PM,-
Clean Cycle Complete,7/8 4:50PM,-
Cycle Interrupted,7/8 4:49PM,-
Cycle Interrupted,7/8 4:48PM,-
Clean Cycle In Progress,7/8 4:47PM,-
Pet Weight Recorded ,7/8 4:22PM,9.3 lbs
Cat Detected,7/8 4:20PM,-
Clean Cycle Complete,7/8 4:09PM,-
Clean Cycle In Progress,7/8 4:07PM,-
Cat Detected,7/8 3:42PM,-
Clean Cycle Complete,7/8 2:05PM,-
Clean Cycle In Progress,7/8 2:03PM,-
Pet Weight Recorded ,7/8 1:18PM,14.7 lbs
Cat Detected,7/8 1:16PM,-
Clean Cycle Complete,7/8 12:01PM,-
Clean Cycle In Progress,7/8 11:59AM,-
Pet Weight Recorded ,7/8 11:34AM,14.8 lbs
Cat Detected,7/8 11:32AM,-
Clean Cycle Complete,7/8 10:55AM,-
Clean Cycle In Progress,7/8 10:53AM,-
Pet Weight Recorded ,7/8 10:21AM,9.4 lbs
Pet Weight Recorded ,7/8 10:14AM,20.0 lbs
Cat Detected,7/8 10:12AM,-
Clean Cycle Complete,7/8 6:14AM,-
Clean Cycle In Progress,7/8 6:12AM,-
Pet Weight Recorded ,7/8 5:47AM,9.2 lbs
Cat Detected,7/8 5:46AM,-
Clean Cycle Complete,7/8 1:41AM,-
Clean Cycle In Progress,7/8 1:39AM,-
Cat Detected,7/8 1:14AM,-
Clean Cycle Complete,7/7 8:30PM,-
Clean Cycle In Progress,7/7 8:28PM,-
Pet Weight Recorded ,7/7 7:53PM,9.3 lbs
Pet Weight Recorded ,7/7 7:42PM,14.7 lbs
Cat Detected,7/7 7:42PM,-
Clean Cycle Complete,7/7 7:37PM,-
Cycle Interrupted,7/7 7:35PM,-
Clean Cycle In Progress,7/7 7:34PM,-
Pet Weight Recorded ,7/7 7:09PM,14.8 lbs
Cat Detected,7/7 7:08PM,-
Clean Cycle Complete,7/7 3:30PM,-
Clean Cycle In Progress,7/7 3:28PM,-
Cat Detected,7/7 2:48PM,-
Clean Cycle Complete,7/7 2:48PM,-
Clean Cycle In Progress,7/7 2:46PM,-
Cat Detected,7/7 2:14PM,-
Clean Cycle Complete,7/7 2:13PM,-
Clean Cycle In Progress,7/7 2:11PM,-
Pet Weight Recorded ,7/7 1:42PM,9.2 lbs
Cat Detected,7/7 1:39PM,-
Clean Cycle Complete,7/7 11:11AM,-
Clean Cycle In Progress,7/7 11:09AM,-
Pet Weight Recorded ,7/7 10:44AM,20.1 lbs
Pet Weight Recorded ,7/7 10:35AM,20.1 lbs
Cat Detected,7/7 10:34AM,-
Clean Cycle Complete,7/7 8:15AM,-
Cycle Interrupted,7/7 8:13AM,-
Cycle Interrupted,7/7 8:12AM,-
Clean Cycle In Progress,7/7 8:12AM,-
Pet Weight Recorded ,7/7 7:47AM,14.8 lbs
Pet Weight Recorded ,7/7 7:35AM,9.2 lbs
Cat Detected,7/7 7:34AM,-
Clean Cycle Complete,7/7 6:24AM,-
Clean Cycle In Progress,7/7 6:22AM,-
Pet Weight Recorded ,7/7 5:57AM,20.1 lbs
Pet Weight Recorded ,7/7 5:56AM,20.1 lbs
Cat Detected,7/7 5:55AM,-
Clean Cycle Complete,7/7 3:29AM,-
Clean Cycle In Progress,7/7 3:27AM,-
Pet Weight Recorded ,7/7 3:02AM,9.2 lbs
Cat Detected,7/7 3:01AM,-
Clean Cycle Complete,7/7 2:03AM,-
Pet Weight Recorded ,7/7 2:01AM,6.4 lbs
Cycle Interrupted,7/7 2:01AM,-
Clean Cycle In Progress,7/7 2:01AM,-
Pet Weight Recorded ,7/7 1:36AM,14.7 lbs
Pet Weight Recorded ,7/7 1:35AM,14.8 lbs
Cat Detected,7/7 1:34AM,-
Clean Cycle Complete,7/7 1:10AM,-
Cycle Interrupted,7/7 1:08AM,-
Clean Cycle In Progress,7/7 1:07AM,-
Pet Weight Recorded ,7/7 12:42AM,8.0 lbs
Cat Detected,7/7 12:41AM,-
Clean Cycle Complete,7/6 10:53PM,-
Cat Detected,7/5 7:25PM,-
Clean Cycle Complete,7/5 7:25PM,-
Cycle Interrupted,7/4 11:55AM,-
Clean Cycle In Progress,7/4 11:55AM,-
Cat Detected,7/4 11:29AM,-
Clean Cycle Complete,7/4 10:53AM,-
Cat Detected,7/4 10:22AM,-
Clean Cycle Complete,7/4 10:21AM,-
Pet Weight Recorded ,7/4 10:19AM,15.0 lbs
Cycle Interrupted,7/4 10:18AM,-
Clean Cycle In Progress,7/4 10:18AM,-
Pet Weight Recorded ,7/4 9:53AM,20.3 lbs
Pet Weight Recorded ,7/4 9:52AM,20.3 lbs
Pet Weight Recorded ,7/4 9:39AM,20.2 lbs
Pet Weight Recorded ,7/4 9:30AM,9.1 lbs
Cat Detected,7/4 9:29AM,-
Clean Cycle Complete,7/4 5:05AM,-
Pet Weight Recorded ,7/4 5:04AM,14.7 lbs
Cycle Interrupted,7/4 5:04AM,-
Pet Weight Recorded ,7/4 5:03AM,14.6 lbs
Cycle Interrupted,7/4 5:03AM,-
Clean Cycle In Progress,7/4 5:01AM,-
Pet Weight Recorded ,7/4 4:29AM,9.2 lbs
Cat Detected,7/4 4:28AM,-
Clean Cycle Complete,7/4 1:57AM,-
Clean Cycle In Progress,7/4 1:55AM,-
Pet Weight Recorded ,7/4 1:30AM,14.7 lbs
Pet Weight Recorded ,7/4 1:29AM,14.7 lbs
Pet Weight Recorded ,7/4 1:07AM,14.7 lbs
Clean Cycle Complete,7/3 9:30PM,-
Clean Cycle In Progress,7/3 9:27PM,-
Pet Weight Recorded ,7/3 8:49PM,9.0 lbs
Cat Detected,7/3 8:47PM,-
Clean Cycle Complete,7/3 6:12PM,-
Clean Cycle In Progress,7/3 6:10PM,-
Cat Detected,7/3 5:45PM,-
Clean Cycle Complete,7/3 5:31PM,-
Clean Cycle In Progress,7/3 5:29PM,-
Cat Detected,7/3 5:04PM,-
Clean Cycle Complete,7/3 3:22PM,-
Clean Cycle In Progress,7/3 3:20PM,-
Pet Weight Recorded ,7/3 2:52PM,9.1 lbs
Cat Detected,7/3 2:50PM,-
Clean Cycle Complete,7/3 12:29PM,-
Clean Cycle In Progress,7/3 12:27PM,-
Cat Detected,7/3 12:01PM,-
Clean Cycle Complete,7/3 10:58AM,-
Pet Weight Recorded ,7/3 10:56AM,6.9 lbs
Cycle Interrupted,7/3 10:55AM,-
Clean Cycle In Progress,7/3 10:55AM,-
Pet Weight Recorded ,7/3 10:30AM,14.7 lbs
Pet Weight Recorded ,7/3 10:24AM,6.5 lbs
Pet Weight Recorded ,7/3 10:16AM,9.1 lbs
Cat Detected,7/3 10:16AM,-
Clean Cycle Complete,7/3 7:38AM,-
Clean Cycle In Progress,7/3 7:36AM,-
Pet Weight Recorded ,7/3 6:46AM,14.8 lbs
Pet Weight Recorded ,7/3 6:28AM,20.0 lbs
Pet Weight Recorded ,7/3 6:18AM,9.1 lbs
Pet Weight Recorded ,7/3 5:58AM,9.0 lbs
Cat Detected,7/3 5:58AM,-
Clean Cycle Complete,7/3 2:21AM,-
Clean Cycle In Progress,7/3 2:19AM,-
Pet Weight Recorded ,7/3 1:54AM,9.0 lbs
Cat Detected,7/3 1:53AM,-
Clean Cycle Complete,7/3 1:42AM,-
Clean Cycle In Progress,7/3 1:39AM,-
Pet Weight Recorded ,7/3 1:14AM,10.8 lbs
Cat Detected,7/3 1:12AM,-
Clean Cycle Complete,7/2 9:09PM,-
Clean Cycle In Progress,7/2 9:07PM,-
Cat Detected,7/2 8:42PM,-
Clean Cycle Complete,7/2 8:01PM,-
Clean Cycle In Progress,7/2 7:59PM,-
Cat Detected,7/2 7:34PM,-
Clean Cycle Complete,7/2 6:42PM,-
Clean Cycle In Progress,7/2 6:40PM,-
Cat Detected,7/2 6:15PM,-
Clean Cycle Complete,7/2 5:20PM,-
Clean Cycle In Progress,7/2 5:18PM,-
Pet Weight Recorded ,7/2 4:29PM,14.7 lbs
Pet Weight Recorded ,7/2 4:16PM,9.0 lbs
Clean Cycle Complete,7/2 4:00PM,-
Clean Cycle In Progress,7/2 3:57PM,-
Cat Detected,7/2 3:32PM,-
Clean Cycle Complete,7/2 2:33PM,-
Clean Cycle In Progress,7/2 2:31PM,-
Cat Detected,7/2 2:06PM,-
Clean Cycle Complete,7/2 1:29PM,-
Clean Cycle In Progress,7/2 1:27PM,-
Clean Cycle Complete,7/2 10:16AM,-
Pet Weight Recorded ,7/2 10:16AM,14.5 lbs
Cycle Interrupted,7/2 10:15AM,-
Pet Weight Recorded ,7/2 10:14AM,14.6 lbs
Cycle Interrupted,7/2 10:14AM,-
Cycle Interrupted,7/2 10:12AM,-
Clean Cycle In Progress,7/2 10:11AM,-
Pet Weight Recorded ,7/2 9:46AM,19.8 lbs
Pet Weight Recorded ,7/2 9:45AM,19.8 lbs
Cat Detected,7/2 9:44AM,-
Clean Cycle Complete,7/2 9:17AM,-
Pet Weight Recorded ,7/2 9:17AM,14.6 lbs
Cycle Interrupted,7/2 9:16AM,-
Clean Cycle In Progress,7/2 9:14AM,-
Pet Weight Recorded ,7/2 8:49AM,14.6 lbs
Pet Weight Recorded ,7/2 8:14AM,9.1 lbs
Clean Cycle Complete,7/2 5:46AM,-
Pet Weight Recorded ,7/2 5:46AM,14.6 lbs
Cycle Interrupted,7/2 5:44AM,-
Cycle Interrupted,7/2 5:43AM,-
Pet Weight Recorded ,7/2 5:43AM,7.4 lbs
Pet Weight Recorded ,7/2 5:42AM,6.5 lbs
Cycle Interrupted,7/2 5:41AM,-
Cycle Interrupted,7/2 5:40AM,-
Clean Cycle In Progress,7/2 5:39AM,-
Pet Weight Recorded ,7/2 5:14AM,9.1 lbs
Cat Detected,7/2 5:13AM,-
Clean Cycle Complete,7/2 1:39AM,-
Cycle Interrupted,7/2 1:36AM,-
Clean Cycle In Progress,7/2 1:36AM,-
Pet Weight Recorded ,7/2 1:10AM,19.7 lbs
Clean Cycle Complete,7/2 12:40AM,-
Cycle Interrupted,7/2 12:38AM,-
Pet Weight Recorded ,7/2 12:37AM,14.4 lbs
Cycle Interrupted,7/2 12:36AM,-
Clean Cycle In Progress,7/2 12:35AM,-
Pet Weight Recorded ,7/2 12:10AM,14.6 lbs
Cat Detected,7/2 12:09AM,-
Clean Cycle Complete,7/1 10:06PM,-
Clean Cycle In Progress,7/1 10:04PM,-
Cat Detected,7/1 9:39PM,-
Clean Cycle Complete,7/1 9:35PM,-
Clean Cycle In Progress,7/1 9:33PM,-
Cat Detected,7/1 9:08PM,-
Clean Cycle Complete,7/1 6:04PM,-
Clean Cycle In Progress,7/1 6:01PM,-
Pet Weight Recorded ,7/1 5:11PM,14.6 lbs
Cat Detected,7/1 5:05PM,-
Clean Cycle Complete,7/1 5:01PM,-
Clean Cycle In Progress,7/1 4:59PM,-
Pet Weight Recorded ,7/1 4:34PM,14.6 lbs
Pet Weight Recorded ,7/1 4:16PM,9.0 lbs
Clean Cycle Complete,7/1 10:57AM,-
Clean Cycle In Progress,7/1 10:54AM,-
Pet Weight Recorded ,7/1 10:23AM,8.9 lbs
Cat Detected,7/1 10:22AM,-
Clean Cycle Complete,7/1 8:14AM,-
Clean Cycle In Progress,7/1 8:12AM,-
Pet Weight Recorded ,7/1 7:47AM,9.0 lbs
Cat Detected,7/1 7:46AM,-
Clean Cycle Complete,7/1 6:49AM,-
Clean Cycle In Progress,7/1 6:47AM,-
Pet Weight Recorded ,7/1 6:22AM,19.6 lbs
Pet Weight Recorded ,7/1 6:21AM,19.6 lbs
Pet Weight Recorded ,7/1 6:20AM,19.6 lbs
Clean Cycle Complete,7/1 3:18AM,-
Clean Cycle In Progress,7/1 3:16AM,-
Cat Detected,7/1 2:51AM,-
Clean Cycle Complete,7/1 1:49AM,-
Pet Weight Recorded ,7/1 1:48AM,10.3 lbs
Cycle Interrupted,7/1 1:45AM,-
Clean Cycle In Progress,7/1 1:44AM,-
Pet Weight Recorded ,7/1 1:19AM,14.4 lbs
Pet Weight Recorded ,7/1 1:09AM,19.6 lbs
Cat Detected,7/1 1:08AM,-